ID,bb_area_95,bb_area_95_overlap
ID1,13229.73291,3031.541493
ID2,51904.64171,35197.86207
